Date,Serving President,Serving President Party,Elected President,Elected President Party
1/1/1980,Jimmy Carter,Democrat,Jimmy Carter,Democrat
2/1/1980,Jimmy Carter,Democrat,Jimmy Carter,Democrat
3/1/1980,Jimmy Carter,Democrat,Jimmy Carter,Democrat
4/1/1980,Jimmy Carter,Democrat,Jimmy Carter,Democrat
5/1/1980,Jimmy Carter,Democrat,Jimmy Carter,Democrat
6/1/1980,Jimmy Carter,Democrat,Jimmy Carter,Democrat
7/1/1980,Jimmy Carter,Democrat,Jimmy Carter,Democrat
8/1/1980,Jimmy Carter,Democrat,Jimmy Carter,Democrat
9/1/1980,Jimmy Carter,Democrat,Jimmy Carter,Democrat
10/1/1980,Jimmy Carter,Democrat,Jimmy Carter,Democrat
11/1/1980,Jimmy Carter,Democrat,Ronald Reagan,Republican
12/1/1980,Jimmy Carter,Democrat,Ronald Reagan,Republican
1/1/1981,Ronald Reagan,Republican,Ronald Reagan,Republican
2/1/1981,Ronald Reagan,Republican,Ronald Reagan,Republican
3/1/1981,Ronald Reagan,Republican,Ronald Reagan,Republican
4/1/1981,Ronald Reagan,Republican,Ronald Reagan,Republican
5/1/1981,Ronald Reagan,Republican,Ronald Reagan,Republican
6/1/1981,Ronald Reagan,Republican,Ronald Reagan,Republican
7/1/1981,Ronald Reagan,Republican,Ronald Reagan,Republican
8/1/1981,Ronald Reagan,Republican,Ronald Reagan,Republican
9/1/1981,Ronald Reagan,Republican,Ronald Reagan,Republican
10/1/1981,Ronald Reagan,Republican,Ronald Reagan,Republican
11/1/1981,Ronald Reagan,Republican,Ronald Reagan,Republican
12/1/1981,Ronald Reagan,Republican,Ronald Reagan,Republican
1/1/1982,Ronald Reagan,Republican,Ronald Reagan,Republican
2/1/1982,Ronald Reagan,Republican,Ronald Reagan,Republican
3/1/1982,Ronald Reagan,Republican,Ronald Reagan,Republican
4/1/1982,Ronald Reagan,Republican,Ronald Reagan,Republican
5/1/1982,Ronald Reagan,Republican,Ronald Reagan,Republican
6/1/1982,Ronald Reagan,Republican,Ronald Reagan,Republican
7/1/1982,Ronald Reagan,Republican,Ronald Reagan,Republican
8/1/1982,Ronald Reagan,Republican,Ronald Reagan,Republican
9/1/1982,Ronald Reagan,Republican,Ronald Reagan,Republican
10/1/1982,Ronald Reagan,Republican,Ronald Reagan,Republican
11/1/1982,Ronald Reagan,Republican,Ronald Reagan,Republican
12/1/1982,Ronald Reagan,Republican,Ronald Reagan,Republican
1/1/1983,Ronald Reagan,Republican,Ronald Reagan,Republican
2/1/1983,Ronald Reagan,Republican,Ronald Reagan,Republican
3/1/1983,Ronald Reagan,Republican,Ronald Reagan,Republican
4/1/1983,Ronald Reagan,Republican,Ronald Reagan,Republican
5/1/1983,Ronald Reagan,Republican,Ronald Reagan,Republican
6/1/1983,Ronald Reagan,Republican,Ronald Reagan,Republican
7/1/1983,Ronald Reagan,Republican,Ronald Reagan,Republican
8/1/1983,Ronald Reagan,Republican,Ronald Reagan,Republican
9/1/1983,Ronald Reagan,Republican,Ronald Reagan,Republican
10/1/1983,Ronald Reagan,Republican,Ronald Reagan,Republican
11/1/1983,Ronald Reagan,Republican,Ronald Reagan,Republican
12/1/1983,Ronald Reagan,Republican,Ronald Reagan,Republican
1/1/1984,Ronald Reagan,Republican,Ronald Reagan,Republican
2/1/1984,Ronald Reagan,Republican,Ronald Reagan,Republican
3/1/1984,Ronald Reagan,Republican,Ronald Reagan,Republican
4/1/1984,Ronald Reagan,Republican,Ronald Reagan,Republican
5/1/1984,Ronald Reagan,Republican,Ronald Reagan,Republican
6/1/1984,Ronald Reagan,Republican,Ronald Reagan,Republican
7/1/1984,Ronald Reagan,Republican,Ronald Reagan,Republican
8/1/1984,Ronald Reagan,Republican,Ronald Reagan,Republican
9/1/1984,Ronald Reagan,Republican,Ronald Reagan,Republican
10/1/1984,Ronald Reagan,Republican,Ronald Reagan,Republican
11/1/1984,Ronald Reagan,Republican,Ronald Reagan,Republican
12/1/1984,Ronald Reagan,Republican,Ronald Reagan,Republican
1/1/1985,Ronald Reagan,Republican,Ronald Reagan,Republican
2/1/1985,Ronald Reagan,Republican,Ronald Reagan,Republican
3/1/1985,Ronald Reagan,Republican,Ronald Reagan,Republican
4/1/1985,Ronald Reagan,Republican,Ronald Reagan,Republican
5/1/1985,Ronald Reagan,Republican,Ronald Reagan,Republican
6/1/1985,Ronald Reagan,Republican,Ronald Reagan,Republican
7/1/1985,Ronald Reagan,Republican,Ronald Reagan,Republican
8/1/1985,Ronald Reagan,Republican,Ronald Reagan,Republican
9/1/1985,Ronald Reagan,Republican,Ronald Reagan,Republican
10/1/1985,Ronald Reagan,Republican,Ronald Reagan,Republican
11/1/1985,Ronald Reagan,Republican,Ronald Reagan,Republican
12/1/1985,Ronald Reagan,Republican,Ronald Reagan,Republican
1/1/1986,Ronald Reagan,Republican,Ronald Reagan,Republican
2/1/1986,Ronald Reagan,Republican,Ronald Reagan,Republican
3/1/1986,Ronald Reagan,Republican,Ronald Reagan,Republican
4/1/1986,Ronald Reagan,Republican,Ronald Reagan,Republican
5/1/1986,Ronald Reagan,Republican,Ronald Reagan,Republican
6/1/1986,Ronald Reagan,Republican,Ronald Reagan,Republican
7/1/1986,Ronald Reagan,Republican,Ronald Reagan,Republican
8/1/1986,Ronald Reagan,Republican,Ronald Reagan,Republican
9/1/1986,Ronald Reagan,Republican,Ronald Reagan,Republican
10/1/1986,Ronald Reagan,Republican,Ronald Reagan,Republican
11/1/1986,Ronald Reagan,Republican,Ronald Reagan,Republican
12/1/1986,Ronald Reagan,Republican,Ronald Reagan,Republican
1/1/1987,Ronald Reagan,Republican,Ronald Reagan,Republican
2/1/1987,Ronald Reagan,Republican,Ronald Reagan,Republican
3/1/1987,Ronald Reagan,Republican,Ronald Reagan,Republican
4/1/1987,Ronald Reagan,Republican,Ronald Reagan,Republican
5/1/1987,Ronald Reagan,Republican,Ronald Reagan,Republican
6/1/1987,Ronald Reagan,Republican,Ronald Reagan,Republican
7/1/1987,Ronald Reagan,Republican,Ronald Reagan,Republican
8/1/1987,Ronald Reagan,Republican,Ronald Reagan,Republican
9/1/1987,Ronald Reagan,Republican,Ronald Reagan,Republican
10/1/1987,Ronald Reagan,Republican,Ronald Reagan,Republican
11/1/1987,Ronald Reagan,Republican,Ronald Reagan,Republican
12/1/1987,Ronald Reagan,Republican,Ronald Reagan,Republican
1/1/1988,Ronald Reagan,Republican,Ronald Reagan,Republican
2/1/1988,Ronald Reagan,Republican,Ronald Reagan,Republican
3/1/1988,Ronald Reagan,Republican,Ronald Reagan,Republican
4/1/1988,Ronald Reagan,Republican,Ronald Reagan,Republican
5/1/1988,Ronald Reagan,Republican,Ronald Reagan,Republican
6/1/1988,Ronald Reagan,Republican,Ronald Reagan,Republican
7/1/1988,Ronald Reagan,Republican,Ronald Reagan,Republican
8/1/1988,Ronald Reagan,Republican,Ronald Reagan,Republican
9/1/1988,Ronald Reagan,Republican,Ronald Reagan,Republican
10/1/1988,Ronald Reagan,Republican,Ronald Reagan,Republican
11/1/1988,Ronald Reagan,Republican,George H.W. Bush,Republican
12/1/1988,Ronald Reagan,Republican,George H.W. Bush,Republican
1/1/1989,George H.W. Bush,Republican,George H.W. Bush,Republican
2/1/1989,George H.W. Bush,Republican,George H.W. Bush,Republican
3/1/1989,George H.W. Bush,Republican,George H.W. Bush,Republican
4/1/1989,George H.W. Bush,Republican,George H.W. Bush,Republican
5/1/1989,George H.W. Bush,Republican,George H.W. Bush,Republican
6/1/1989,George H.W. Bush,Republican,George H.W. Bush,Republican
7/1/1989,George H.W. Bush,Republican,George H.W. Bush,Republican
8/1/1989,George H.W. Bush,Republican,George H.W. Bush,Republican
9/1/1989,George H.W. Bush,Republican,George H.W. Bush,Republican
10/1/1989,George H.W. Bush,Republican,George H.W. Bush,Republican
11/1/1989,George H.W. Bush,Republican,George H.W. Bush,Republican
12/1/1989,George H.W. Bush,Republican,George H.W. Bush,Republican
1/1/1990,George H.W. Bush,Republican,George H.W. Bush,Republican
2/1/1990,George H.W. Bush,Republican,George H.W. Bush,Republican
3/1/1990,George H.W. Bush,Republican,George H.W. Bush,Republican
4/1/1990,George H.W. Bush,Republican,George H.W. Bush,Republican
5/1/1990,George H.W. Bush,Republican,George H.W. Bush,Republican
6/1/1990,George H.W. Bush,Republican,George H.W. Bush,Republican
7/1/1990,George H.W. Bush,Republican,George H.W. Bush,Republican
8/1/1990,George H.W. Bush,Republican,George H.W. Bush,Republican
9/1/1990,George H.W. Bush,Republican,George H.W. Bush,Republican
10/1/1990,George H.W. Bush,Republican,George H.W. Bush,Republican
11/1/1990,George H.W. Bush,Republican,George H.W. Bush,Republican
12/1/1990,George H.W. Bush,Republican,George H.W. Bush,Republican
1/1/1991,George H.W. Bush,Republican,George H.W. Bush,Republican
2/1/1991,George H.W. Bush,Republican,George H.W. Bush,Republican
3/1/1991,George H.W. Bush,Republican,George H.W. Bush,Republican
4/1/1991,George H.W. Bush,Republican,George H.W. Bush,Republican
5/1/1991,George H.W. Bush,Republican,George H.W. Bush,Republican
6/1/1991,George H.W. Bush,Republican,George H.W. Bush,Republican
7/1/1991,George H.W. Bush,Republican,George H.W. Bush,Republican
8/1/1991,George H.W. Bush,Republican,George H.W. Bush,Republican
9/1/1991,George H.W. Bush,Republican,George H.W. Bush,Republican
10/1/1991,George H.W. Bush,Republican,George H.W. Bush,Republican
11/1/1991,George H.W. Bush,Republican,George H.W. Bush,Republican
12/1/1991,George H.W. Bush,Republican,George H.W. Bush,Republican
1/1/1992,George H.W. Bush,Republican,George H.W. Bush,Republican
2/1/1992,George H.W. Bush,Republican,George H.W. Bush,Republican
3/1/1992,George H.W. Bush,Republican,George H.W. Bush,Republican
4/1/1992,George H.W. Bush,Republican,George H.W. Bush,Republican
5/1/1992,George H.W. Bush,Republican,George H.W. Bush,Republican
6/1/1992,George H.W. Bush,Republican,George H.W. Bush,Republican
7/1/1992,George H.W. Bush,Republican,George H.W. Bush,Republican
8/1/1992,George H.W. Bush,Republican,George H.W. Bush,Republican
9/1/1992,George H.W. Bush,Republican,George H.W. Bush,Republican
10/1/1992,George H.W. Bush,Republican,George H.W. Bush,Republican
11/1/1992,George H.W. Bush,Republican,William Clinton,Democrat
12/1/1992,George H.W. Bush,Republican,William Clinton,Democrat
1/1/1993,William Clinton,Democrat,William Clinton,Democrat
2/1/1993,William Clinton,Democrat,William Clinton,Democrat
3/1/1993,William Clinton,Democrat,William Clinton,Democrat
4/1/1993,William Clinton,Democrat,William Clinton,Democrat
5/1/1993,William Clinton,Democrat,William Clinton,Democrat
6/1/1993,William Clinton,Democrat,William Clinton,Democrat
7/1/1993,William Clinton,Democrat,William Clinton,Democrat
8/1/1993,William Clinton,Democrat,William Clinton,Democrat
9/1/1993,William Clinton,Democrat,William Clinton,Democrat
10/1/1993,William Clinton,Democrat,William Clinton,Democrat
11/1/1993,William Clinton,Democrat,William Clinton,Democrat
12/1/1993,William Clinton,Democrat,William Clinton,Democrat
1/1/1994,William Clinton,Democrat,William Clinton,Democrat
2/1/1994,William Clinton,Democrat,William Clinton,Democrat
3/1/1994,William Clinton,Democrat,William Clinton,Democrat
4/1/1994,William Clinton,Democrat,William Clinton,Democrat
5/1/1994,William Clinton,Democrat,William Clinton,Democrat
6/1/1994,William Clinton,Democrat,William Clinton,Democrat
7/1/1994,William Clinton,Democrat,William Clinton,Democrat
8/1/1994,William Clinton,Democrat,William Clinton,Democrat
9/1/1994,William Clinton,Democrat,William Clinton,Democrat
10/1/1994,William Clinton,Democrat,William Clinton,Democrat
11/1/1994,William Clinton,Democrat,William Clinton,Democrat
12/1/1994,William Clinton,Democrat,William Clinton,Democrat
1/1/1995,William Clinton,Democrat,William Clinton,Democrat
2/1/1995,William Clinton,Democrat,William Clinton,Democrat
3/1/1995,William Clinton,Democrat,William Clinton,Democrat
4/1/1995,William Clinton,Democrat,William Clinton,Democrat
5/1/1995,William Clinton,Democrat,William Clinton,Democrat
6/1/1995,William Clinton,Democrat,William Clinton,Democrat
7/1/1995,William Clinton,Democrat,William Clinton,Democrat
8/1/1995,William Clinton,Democrat,William Clinton,Democrat
9/1/1995,William Clinton,Democrat,William Clinton,Democrat
10/1/1995,William Clinton,Democrat,William Clinton,Democrat
11/1/1995,William Clinton,Democrat,William Clinton,Democrat
12/1/1995,William Clinton,Democrat,William Clinton,Democrat
1/1/1996,William Clinton,Democrat,William Clinton,Democrat
2/1/1996,William Clinton,Democrat,William Clinton,Democrat
3/1/1996,William Clinton,Democrat,William Clinton,Democrat
4/1/1996,William Clinton,Democrat,William Clinton,Democrat
5/1/1996,William Clinton,Democrat,William Clinton,Democrat
6/1/1996,William Clinton,Democrat,William Clinton,Democrat
7/1/1996,William Clinton,Democrat,William Clinton,Democrat
8/1/1996,William Clinton,Democrat,William Clinton,Democrat
9/1/1996,William Clinton,Democrat,William Clinton,Democrat
10/1/1996,William Clinton,Democrat,William Clinton,Democrat
11/1/1996,William Clinton,Democrat,William Clinton,Democrat
12/1/1996,William Clinton,Democrat,William Clinton,Democrat
1/1/1997,William Clinton,Democrat,William Clinton,Democrat
2/1/1997,William Clinton,Democrat,William Clinton,Democrat
3/1/1997,William Clinton,Democrat,William Clinton,Democrat
4/1/1997,William Clinton,Democrat,William Clinton,Democrat
5/1/1997,William Clinton,Democrat,William Clinton,Democrat
6/1/1997,William Clinton,Democrat,William Clinton,Democrat
7/1/1997,William Clinton,Democrat,William Clinton,Democrat
8/1/1997,William Clinton,Democrat,William Clinton,Democrat
9/1/1997,William Clinton,Democrat,William Clinton,Democrat
10/1/1997,William Clinton,Democrat,William Clinton,Democrat
11/1/1997,William Clinton,Democrat,William Clinton,Democrat
12/1/1997,William Clinton,Democrat,William Clinton,Democrat
1/1/1998,William Clinton,Democrat,William Clinton,Democrat
2/1/1998,William Clinton,Democrat,William Clinton,Democrat
3/1/1998,William Clinton,Democrat,William Clinton,Democrat
4/1/1998,William Clinton,Democrat,William Clinton,Democrat
5/1/1998,William Clinton,Democrat,William Clinton,Democrat
6/1/1998,William Clinton,Democrat,William Clinton,Democrat
7/1/1998,William Clinton,Democrat,William Clinton,Democrat
8/1/1998,William Clinton,Democrat,William Clinton,Democrat
9/1/1998,William Clinton,Democrat,William Clinton,Democrat
10/1/1998,William Clinton,Democrat,William Clinton,Democrat
11/1/1998,William Clinton,Democrat,William Clinton,Democrat
12/1/1998,William Clinton,Democrat,William Clinton,Democrat
1/1/1999,William Clinton,Democrat,William Clinton,Democrat
2/1/1999,William Clinton,Democrat,William Clinton,Democrat
3/1/1999,William Clinton,Democrat,William Clinton,Democrat
4/1/1999,William Clinton,Democrat,William Clinton,Democrat
5/1/1999,William Clinton,Democrat,William Clinton,Democrat
6/1/1999,William Clinton,Democrat,William Clinton,Democrat
7/1/1999,William Clinton,Democrat,William Clinton,Democrat
8/1/1999,William Clinton,Democrat,William Clinton,Democrat
9/1/1999,William Clinton,Democrat,William Clinton,Democrat
10/1/1999,William Clinton,Democrat,William Clinton,Democrat
11/1/1999,William Clinton,Democrat,William Clinton,Democrat
12/1/1999,William Clinton,Democrat,William Clinton,Democrat
1/1/2000,William Clinton,Democrat,William Clinton,Democrat
2/1/2000,William Clinton,Democrat,William Clinton,Democrat
3/1/2000,William Clinton,Democrat,William Clinton,Democrat
4/1/2000,William Clinton,Democrat,William Clinton,Democrat
5/1/2000,William Clinton,Democrat,William Clinton,Democrat
6/1/2000,William Clinton,Democrat,William Clinton,Democrat
7/1/2000,William Clinton,Democrat,William Clinton,Democrat
8/1/2000,William Clinton,Democrat,William Clinton,Democrat
9/1/2000,William Clinton,Democrat,William Clinton,Democrat
10/1/2000,William Clinton,Democrat,William Clinton,Democrat
11/1/2000,William Clinton,Democrat,George W. Bush,Republican
12/1/2000,William Clinton,Democrat,George W. Bush,Republican
1/1/2001,George W. Bush,Republican,George W. Bush,Republican
2/1/2001,George W. Bush,Republican,George W. Bush,Republican
3/1/2001,George W. Bush,Republican,George W. Bush,Republican
4/1/2001,George W. Bush,Republican,George W. Bush,Republican
5/1/2001,George W. Bush,Republican,George W. Bush,Republican
6/1/2001,George W. Bush,Republican,George W. Bush,Republican
7/1/2001,George W. Bush,Republican,George W. Bush,Republican
8/1/2001,George W. Bush,Republican,George W. Bush,Republican
9/1/2001,George W. Bush,Republican,George W. Bush,Republican
10/1/2001,George W. Bush,Republican,George W. Bush,Republican
11/1/2001,George W. Bush,Republican,George W. Bush,Republican
12/1/2001,George W. Bush,Republican,George W. Bush,Republican
1/1/2002,George W. Bush,Republican,George W. Bush,Republican
2/1/2002,George W. Bush,Republican,George W. Bush,Republican
3/1/2002,George W. Bush,Republican,George W. Bush,Republican
4/1/2002,George W. Bush,Republican,George W. Bush,Republican
5/1/2002,George W. Bush,Republican,George W. Bush,Republican
6/1/2002,George W. Bush,Republican,George W. Bush,Republican
7/1/2002,George W. Bush,Republican,George W. Bush,Republican
8/1/2002,George W. Bush,Republican,George W. Bush,Republican
9/1/2002,George W. Bush,Republican,George W. Bush,Republican
10/1/2002,George W. Bush,Republican,George W. Bush,Republican
11/1/2002,George W. Bush,Republican,George W. Bush,Republican
12/1/2002,George W. Bush,Republican,George W. Bush,Republican
1/1/2003,George W. Bush,Republican,George W. Bush,Republican
2/1/2003,George W. Bush,Republican,George W. Bush,Republican
3/1/2003,George W. Bush,Republican,George W. Bush,Republican
4/1/2003,George W. Bush,Republican,George W. Bush,Republican
5/1/2003,George W. Bush,Republican,George W. Bush,Republican
6/1/2003,George W. Bush,Republican,George W. Bush,Republican
7/1/2003,George W. Bush,Republican,George W. Bush,Republican
8/1/2003,George W. Bush,Republican,George W. Bush,Republican
9/1/2003,George W. Bush,Republican,George W. Bush,Republican
10/1/2003,George W. Bush,Republican,George W. Bush,Republican
11/1/2003,George W. Bush,Republican,George W. Bush,Republican
12/1/2003,George W. Bush,Republican,George W. Bush,Republican
1/1/2004,George W. Bush,Republican,George W. Bush,Republican
2/1/2004,George W. Bush,Republican,George W. Bush,Republican
3/1/2004,George W. Bush,Republican,George W. Bush,Republican
4/1/2004,George W. Bush,Republican,George W. Bush,Republican
5/1/2004,George W. Bush,Republican,George W. Bush,Republican
6/1/2004,George W. Bush,Republican,George W. Bush,Republican
7/1/2004,George W. Bush,Republican,George W. Bush,Republican
8/1/2004,George W. Bush,Republican,George W. Bush,Republican
9/1/2004,George W. Bush,Republican,George W. Bush,Republican
10/1/2004,George W. Bush,Republican,George W. Bush,Republican
11/1/2004,George W. Bush,Republican,George W. Bush,Republican
12/1/2004,George W. Bush,Republican,George W. Bush,Republican
1/1/2005,George W. Bush,Republican,George W. Bush,Republican
2/1/2005,George W. Bush,Republican,George W. Bush,Republican
3/1/2005,George W. Bush,Republican,George W. Bush,Republican
4/1/2005,George W. Bush,Republican,George W. Bush,Republican
5/1/2005,George W. Bush,Republican,George W. Bush,Republican
6/1/2005,George W. Bush,Republican,George W. Bush,Republican
7/1/2005,George W. Bush,Republican,George W. Bush,Republican
8/1/2005,George W. Bush,Republican,George W. Bush,Republican
9/1/2005,George W. Bush,Republican,George W. Bush,Republican
10/1/2005,George W. Bush,Republican,George W. Bush,Republican
11/1/2005,George W. Bush,Republican,George W. Bush,Republican
12/1/2005,George W. Bush,Republican,George W. Bush,Republican
1/1/2006,George W. Bush,Republican,George W. Bush,Republican
2/1/2006,George W. Bush,Republican,George W. Bush,Republican
3/1/2006,George W. Bush,Republican,George W. Bush,Republican
4/1/2006,George W. Bush,Republican,George W. Bush,Republican
5/1/2006,George W. Bush,Republican,George W. Bush,Republican
6/1/2006,George W. Bush,Republican,George W. Bush,Republican
7/1/2006,George W. Bush,Republican,George W. Bush,Republican
8/1/2006,George W. Bush,Republican,George W. Bush,Republican
9/1/2006,George W. Bush,Republican,George W. Bush,Republican
10/1/2006,George W. Bush,Republican,George W. Bush,Republican
11/1/2006,George W. Bush,Republican,George W. Bush,Republican
12/1/2006,George W. Bush,Republican,George W. Bush,Republican
1/1/2007,George W. Bush,Republican,George W. Bush,Republican
2/1/2007,George W. Bush,Republican,George W. Bush,Republican
3/1/2007,George W. Bush,Republican,George W. Bush,Republican
4/1/2007,George W. Bush,Republican,George W. Bush,Republican
5/1/2007,George W. Bush,Republican,George W. Bush,Republican
6/1/2007,George W. Bush,Republican,George W. Bush,Republican
7/1/2007,George W. Bush,Republican,George W. Bush,Republican
8/1/2007,George W. Bush,Republican,George W. Bush,Republican
9/1/2007,George W. Bush,Republican,George W. Bush,Republican
10/1/2007,George W. Bush,Republican,George W. Bush,Republican
11/1/2007,George W. Bush,Republican,George W. Bush,Republican
12/1/2007,George W. Bush,Republican,George W. Bush,Republican
1/1/2008,George W. Bush,Republican,George W. Bush,Republican
2/1/2008,George W. Bush,Republican,George W. Bush,Republican
3/1/2008,George W. Bush,Republican,George W. Bush,Republican
4/1/2008,George W. Bush,Republican,George W. Bush,Republican
5/1/2008,George W. Bush,Republican,George W. Bush,Republican
6/1/2008,George W. Bush,Republican,George W. Bush,Republican
7/1/2008,George W. Bush,Republican,George W. Bush,Republican
8/1/2008,George W. Bush,Republican,George W. Bush,Republican
9/1/2008,George W. Bush,Republican,George W. Bush,Republican
10/1/2008,George W. Bush,Republican,George W. Bush,Republican
11/1/2008,George W. Bush,Republican,Barack Obama,Democrat
12/1/2008,George W. Bush,Republican,Barack Obama,Democrat
1/1/2009,Barack Obama,Democrat,Barack Obama,Democrat
2/1/2009,Barack Obama,Democrat,Barack Obama,Democrat
3/1/2009,Barack Obama,Democrat,Barack Obama,Democrat
4/1/2009,Barack Obama,Democrat,Barack Obama,Democrat
5/1/2009,Barack Obama,Democrat,Barack Obama,Democrat
6/1/2009,Barack Obama,Democrat,Barack Obama,Democrat
7/1/2009,Barack Obama,Democrat,Barack Obama,Democrat
8/1/2009,Barack Obama,Democrat,Barack Obama,Democrat
9/1/2009,Barack Obama,Democrat,Barack Obama,Democrat
10/1/2009,Barack Obama,Democrat,Barack Obama,Democrat
11/1/2009,Barack Obama,Democrat,Barack Obama,Democrat
12/1/2009,Barack Obama,Democrat,Barack Obama,Democrat
1/1/2010,Barack Obama,Democrat,Barack Obama,Democrat
2/1/2010,Barack Obama,Democrat,Barack Obama,Democrat
3/1/2010,Barack Obama,Democrat,Barack Obama,Democrat
4/1/2010,Barack Obama,Democrat,Barack Obama,Democrat
5/1/2010,Barack Obama,Democrat,Barack Obama,Democrat
6/1/2010,Barack Obama,Democrat,Barack Obama,Democrat
7/1/2010,Barack Obama,Democrat,Barack Obama,Democrat
8/1/2010,Barack Obama,Democrat,Barack Obama,Democrat
9/1/2010,Barack Obama,Democrat,Barack Obama,Democrat
10/1/2010,Barack Obama,Democrat,Barack Obama,Democrat
11/1/2010,Barack Obama,Democrat,Barack Obama,Democrat
12/1/2010,Barack Obama,Democrat,Barack Obama,Democrat
1/1/2011,Barack Obama,Democrat,Barack Obama,Democrat
2/1/2011,Barack Obama,Democrat,Barack Obama,Democrat
3/1/2011,Barack Obama,Democrat,Barack Obama,Democrat
4/1/2011,Barack Obama,Democrat,Barack Obama,Democrat
5/1/2011,Barack Obama,Democrat,Barack Obama,Democrat
6/1/2011,Barack Obama,Democrat,Barack Obama,Democrat
7/1/2011,Barack Obama,Democrat,Barack Obama,Democrat
8/1/2011,Barack Obama,Democrat,Barack Obama,Democrat
9/1/2011,Barack Obama,Democrat,Barack Obama,Democrat
10/1/2011,Barack Obama,Democrat,Barack Obama,Democrat
11/1/2011,Barack Obama,Democrat,Barack Obama,Democrat
12/1/2011,Barack Obama,Democrat,Barack Obama,Democrat
1/1/2012,Barack Obama,Democrat,Barack Obama,Democrat
2/1/2012,Barack Obama,Democrat,Barack Obama,Democrat
3/1/2012,Barack Obama,Democrat,Barack Obama,Democrat
4/1/2012,Barack Obama,Democrat,Barack Obama,Democrat
5/1/2012,Barack Obama,Democrat,Barack Obama,Democrat
6/1/2012,Barack Obama,Democrat,Barack Obama,Democrat
7/1/2012,Barack Obama,Democrat,Barack Obama,Democrat
8/1/2012,Barack Obama,Democrat,Barack Obama,Democrat
9/1/2012,Barack Obama,Democrat,Barack Obama,Democrat
10/1/2012,Barack Obama,Democrat,Barack Obama,Democrat
11/1/2012,Barack Obama,Democrat,Barack Obama,Democrat
12/1/2012,Barack Obama,Democrat,Barack Obama,Democrat
1/1/2013,Barack Obama,Democrat,Barack Obama,Democrat
2/1/2013,Barack Obama,Democrat,Barack Obama,Democrat
3/1/2013,Barack Obama,Democrat,Barack Obama,Democrat
4/1/2013,Barack Obama,Democrat,Barack Obama,Democrat
5/1/2013,Barack Obama,Democrat,Barack Obama,Democrat
6/1/2013,Barack Obama,Democrat,Barack Obama,Democrat
7/1/2013,Barack Obama,Democrat,Barack Obama,Democrat
8/1/2013,Barack Obama,Democrat,Barack Obama,Democrat
9/1/2013,Barack Obama,Democrat,Barack Obama,Democrat
10/1/2013,Barack Obama,Democrat,Barack Obama,Democrat
11/1/2013,Barack Obama,Democrat,Barack Obama,Democrat
12/1/2013,Barack Obama,Democrat,Barack Obama,Democrat
1/1/2014,Barack Obama,Democrat,Barack Obama,Democrat
2/1/2014,Barack Obama,Democrat,Barack Obama,Democrat
3/1/2014,Barack Obama,Democrat,Barack Obama,Democrat
4/1/2014,Barack Obama,Democrat,Barack Obama,Democrat
5/1/2014,Barack Obama,Democrat,Barack Obama,Democrat
6/1/2014,Barack Obama,Democrat,Barack Obama,Democrat
7/1/2014,Barack Obama,Democrat,Barack Obama,Democrat
8/1/2014,Barack Obama,Democrat,Barack Obama,Democrat
9/1/2014,Barack Obama,Democrat,Barack Obama,Democrat
10/1/2014,Barack Obama,Democrat,Barack Obama,Democrat
11/1/2014,Barack Obama,Democrat,Barack Obama,Democrat
12/1/2014,Barack Obama,Democrat,Barack Obama,Democrat
1/1/2015,Barack Obama,Democrat,Barack Obama,Democrat
2/1/2015,Barack Obama,Democrat,Barack Obama,Democrat
3/1/2015,Barack Obama,Democrat,Barack Obama,Democrat
4/1/2015,Barack Obama,Democrat,Barack Obama,Democrat
5/1/2015,Barack Obama,Democrat,Barack Obama,Democrat
6/1/2015,Barack Obama,Democrat,Barack Obama,Democrat
7/1/2015,Barack Obama,Democrat,Barack Obama,Democrat
8/1/2015,Barack Obama,Democrat,Barack Obama,Democrat
9/1/2015,Barack Obama,Democrat,Barack Obama,Democrat
10/1/2015,Barack Obama,Democrat,Barack Obama,Democrat
11/1/2015,Barack Obama,Democrat,Barack Obama,Democrat
12/1/2015,Barack Obama,Democrat,Barack Obama,Democrat
1/1/2016,Barack Obama,Democrat,Barack Obama,Democrat
2/1/2016,Barack Obama,Democrat,Barack Obama,Democrat
3/1/2016,Barack Obama,Democrat,Barack Obama,Democrat
4/1/2016,Barack Obama,Democrat,Barack Obama,Democrat
5/1/2016,Barack Obama,Democrat,Barack Obama,Democrat
6/1/2016,Barack Obama,Democrat,Barack Obama,Democrat
7/1/2016,Barack Obama,Democrat,Barack Obama,Democrat
8/1/2016,Barack Obama,Democrat,Barack Obama,Democrat
9/1/2016,Barack Obama,Democrat,Barack Obama,Democrat
10/1/2016,Barack Obama,Democrat,Barack Obama,Democrat
11/1/2016,Barack Obama,Democrat,Donald Trump,Republican
12/1/2016,Barack Obama,Democrat,Donald Trump,Republican
1/1/2017,Donald Trump,Republican,Donald Trump,Republican
2/1/2017,Donald Trump,Republican,Donald Trump,Republican
3/1/2017,Donald Trump,Republican,Donald Trump,Republican
4/1/2017,Donald Trump,Republican,Donald Trump,Republican
5/1/2017,Donald Trump,Republican,Donald Trump,Republican
6/1/2017,Donald Trump,Republican,Donald Trump,Republican
7/1/2017,Donald Trump,Republican,Donald Trump,Republican
8/1/2017,Donald Trump,Republican,Donald Trump,Republican
9/1/2017,Donald Trump,Republican,Donald Trump,Republican
10/1/2017,Donald Trump,Republican,Donald Trump,Republican
11/1/2017,Donald Trump,Republican,Donald Trump,Republican
12/1/2017,Donald Trump,Republican,Donald Trump,Republican
1/1/2018,Donald Trump,Republican,Donald Trump,Republican
2/1/2018,Donald Trump,Republican,Donald Trump,Republican
3/1/2018,Donald Trump,Republican,Donald Trump,Republican
4/1/2018,Donald Trump,Republican,Donald Trump,Republican
5/1/2018,Donald Trump,Republican,Donald Trump,Republican
6/1/2018,Donald Trump,Republican,Donald Trump,Republican
7/1/2018,Donald Trump,Republican,Donald Trump,Republican
8/1/2018,Donald Trump,Republican,Donald Trump,Republican
9/1/2018,Donald Trump,Republican,Donald Trump,Republican
10/1/2018,Donald Trump,Republican,Donald Trump,Republican
11/1/2018,Donald Trump,Republican,Donald Trump,Republican
12/1/2018,Donald Trump,Republican,Donald Trump,Republican
1/1/2019,Donald Trump,Republican,Donald Trump,Republican
2/1/2019,Donald Trump,Republican,Donald Trump,Republican
3/1/2019,Donald Trump,Republican,Donald Trump,Republican
4/1/2019,Donald Trump,Republican,Donald Trump,Republican
5/1/2019,Donald Trump,Republican,Donald Trump,Republican
6/1/2019,Donald Trump,Republican,Donald Trump,Republican
7/1/2019,Donald Trump,Republican,Donald Trump,Republican
8/1/2019,Donald Trump,Republican,Donald Trump,Republican
9/1/2019,Donald Trump,Republican,Donald Trump,Republican
10/1/2019,Donald Trump,Republican,Donald Trump,Republican
11/1/2019,Donald Trump,Republican,Donald Trump,Republican
12/1/2019,Donald Trump,Republican,Donald Trump,Republican
1/1/2020,Donald Trump,Republican,Donald Trump,Republican
2/1/2020,Donald Trump,Republican,Donald Trump,Republican
3/1/2020,Donald Trump,Republican,Donald Trump,Republican
4/1/2020,Donald Trump,Republican,Donald Trump,Republican
5/1/2020,Donald Trump,Republican,Donald Trump,Republican
6/1/2020,Donald Trump,Republican,Donald Trump,Republican
7/1/2020,Donald Trump,Republican,Donald Trump,Republican
8/1/2020,Donald Trump,Republican,Donald Trump,Republican
9/1/2020,Donald Trump,Republican,Donald Trump,Republican
10/1/2020,Donald Trump,Republican,Donald Trump,Republican
11/1/2020,Donald Trump,Republican,Joseph Biden,Democrat
12/1/2020,Donald Trump,Republican,Joseph Biden,Democrat
1/1/2021,Joseph Biden,Democrat,Joseph Biden,Democrat
2/1/2021,Joseph Biden,Democrat,Joseph Biden,Democrat
3/1/2021,Joseph Biden,Democrat,Joseph Biden,Democrat
4/1/2021,Joseph Biden,Democrat,Joseph Biden,Democrat
5/1/2021,Joseph Biden,Democrat,Joseph Biden,Democrat
6/1/2021,Joseph Biden,Democrat,Joseph Biden,Democrat
7/1/2021,Joseph Biden,Democrat,Joseph Biden,Democrat
8/1/2021,Joseph Biden,Democrat,Joseph Biden,Democrat
9/1/2021,Joseph Biden,Democrat,Joseph Biden,Democrat
10/1/2021,Joseph Biden,Democrat,Joseph Biden,Democrat
11/1/2021,Joseph Biden,Democrat,Joseph Biden,Democrat
12/1/2021,Joseph Biden,Democrat,Joseph Biden,Democrat
1/1/2022,Joseph Biden,Democrat,Joseph Biden,Democrat
2/1/2022,Joseph Biden,Democrat,Joseph Biden,Democrat
3/1/2022,Joseph Biden,Democrat,Joseph Biden,Democrat
4/1/2022,Joseph Biden,Democrat,Joseph Biden,Democrat
5/1/2022,Joseph Biden,Democrat,Joseph Biden,Democrat
6/1/2022,Joseph Biden,Democrat,Joseph Biden,Democrat
7/1/2022,Joseph Biden,Democrat,Joseph Biden,Democrat
8/1/2022,Joseph Biden,Democrat,Joseph Biden,Democrat
9/1/2022,Joseph Biden,Democrat,Joseph Biden,Democrat
10/1/2022,Joseph Biden,Democrat,Joseph Biden,Democrat
11/1/2022,Joseph Biden,Democrat,Joseph Biden,Democrat
12/1/2022,Joseph Biden,Democrat,Joseph Biden,Democrat
1/1/2023,Joseph Biden,Democrat,Joseph Biden,Democrat
2/1/2023,Joseph Biden,Democrat,Joseph Biden,Democrat
3/1/2023,Joseph Biden,Democrat,Joseph Biden,Democrat
4/1/2023,Joseph Biden,Democrat,Joseph Biden,Democrat
5/1/2023,Joseph Biden,Democrat,Joseph Biden,Democrat
6/1/2023,Joseph Biden,Democrat,Joseph Biden,Democrat
